StudentID,Name,Maths,Physics,Chemistry,Total,Average
110,Meera,95,93,94,282,94.0
102,Aisha,92,88,90,270,90.0
107,Arjun,90,87,92,269,89.66666666666667
104,Neha,88,90,85,263,87.66666666666667
109,Kunal,82,80,85,247,82.33333333333333
101,Rahul,78,85,80,243,81.0
106,Neha,74,79,77,230,76.66666666666667
108,Pooja,68,72,70,210,70.0
103,Aman,65,70,68,203,67.66666666666667
105,Rohan,55,60,58,173,57.666666666666664
